iteration,time,similarity,outfile
0,0,9.4243,final_report_data/contours/w0_lambda0-1_beta200/nonrigid_iter0.xyz
1,0.23613,3.02586,
2,0.45767,2.29174,
3,0.683379,2.13766,
4,0.882683,2.07713,
5,1.08358,2.03772,
6,1.29731,2.00643,
7,1.56431,1.9787,
8,1.79944,1.95248,